{
  "HTTP Request " : {
    "transaction" : "HTTP Request ",
    "sampleCount" : 20,
    "errorCount" : 0,
    "errorPct" : 0.0,
    "meanResTime" : 1538.0500000000002,
    "medianResTime" : 1400.0,
    "minResTime" : 566.0,
    "maxResTime" : 2788.0,
    "pct1ResTime" : 2648.1,
    "pct2ResTime" : 2781.15,
    "pct3ResTime" : 2788.0,
    "throughput" : 5.532503457814661,
    "receivedKBytesPerSec" : 29.07995115836791,
    "sentKBytesPerSec" : 1.7181016597510372
  },
  "HTTP Request -1" : {
    "transaction" : "HTTP Request -1",
    "sampleCount" : 20,
    "errorCount" : 0,
    "errorPct" : 0.0,
    "meanResTime" : 1077.45,
    "medianResTime" : 1004.5,
    "minResTime" : 371.0,
    "maxResTime" : 1896.0,
    "pct1ResTime" : 1872.5000000000002,
    "pct2ResTime" : 1895.15,
    "pct3ResTime" : 1896.0,
    "throughput" : 7.621951219512195,
    "receivedKBytesPerSec" : 34.42792194645579,
    "sentKBytesPerSec" : 1.1834865663109755
  },
  "Total" : {
    "transaction" : "Total",
    "sampleCount" : 60,
    "errorCount" : 0,
    "errorPct" : 0.0,
    "meanResTime" : 1024.9499999999998,
    "medianResTime" : 607.0,
    "minResTime" : 185.0,
    "maxResTime" : 2788.0,
    "pct1ResTime" : 2491.0,
    "pct2ResTime" : 2618.45,
    "pct3ResTime" : 2788.0,
    "throughput" : 16.597510373443985,
    "receivedKBytesPerSec" : 58.15990231673582,
    "sentKBytesPerSec" : 3.4362033195020745
  },
  "HTTP Request -0" : {
    "transaction" : "HTTP Request -0",
    "sampleCount" : 20,
    "errorCount" : 0,
    "errorPct" : 0.0,
    "meanResTime" : 459.35,
    "medianResTime" : 316.0,
    "minResTime" : 185.0,
    "maxResTime" : 1108.0,
    "pct1ResTime" : 1016.1,
    "pct2ResTime" : 1103.55,
    "pct3ResTime" : 1108.0,
    "throughput" : 6.371455877668048,
    "receivedKBytesPerSec" : 4.710148534565149,
    "sentKBytesPerSec" : 0.9893178560050973
  }
}